Fabricante,Modelo,Parques,P nominal (MW),Rotor (m),Buje instalado (m),Palas,Generador,Multiplicadora,Control,Arranque (m/s),Nominal (m/s),Corte (m/s),Convertidor,Fuentes/alcance por campo
Envision,"E110 · 2,1 MW",La Esperanza,2.1 [parque],No documentado,No documentado,No documentado,No documentado,No documentado,No documentado,No documentado,No documentado,No documentado,No documentado,"{""ratedPowerMW"": {""value"": 2.1, ""source"": ""Informe p. 4"", ""scope"": ""installed"", ""note"": ""Potencia unitaria descrita en el catálogo; no equivale a potencia neta de conexión.""}, ""rotorDiameterM"": {""value"": null, ""source"": null, ""scope"": ""missing"", ""note"": ""No consta en los documentos disponibles.""}, ""hubHeightM"": {""value"": null, ""source"": null, ""scope"": ""missing"", ""note"": ""No consta en los documentos disponibles.""}, ""bladeCount"": {""value"": null, ""source"": null, ""scope"": ""missing"", ""note"": ""No consta en los documentos disponibles.""}, ""generator"": {""value"": null, ""source"": null, ""scope"": ""missing"", ""note"": ""No consta en los documentos disponibles.""}, ""gearbox"": {""value"": null, ""source"": null, ""scope"": ""missing"", ""note"": ""No consta en los documentos disponibles.""}, ""powerControl"": {""value"": null, ""source"": null, ""scope"": ""missing"", ""note"": ""No consta en los documentos disponibles.""}, ""cutInMS"": {""value"": null, ""source"": null, ""scope"": ""missing"", ""note"": ""No consta en los documentos disponibles.""}, ""ratedWindMS"": {""value"": null, ""source"": null, ""scope"": ""missing"", ""note"": ""No consta en los documentos disponibles.""}, ""cutOutMS"": {""value"": null, ""source"": null, ""scope"": ""missing"", ""note"": ""No consta en los documentos disponibles.""}, ""converter"": {""value"": null, ""source"": null, ""scope"": ""missing"", ""note"": ""No consta en los documentos disponibles.""}}"
Gamesa,G114 · variante pendiente,Las Peñas,No documentado,No documentado,No documentado,No documentado,No documentado,No documentado,No documentado,No documentado,No documentado,No documentado,No documentado,"{""ratedPowerMW"": {""value"": null, ""source"": null, ""scope"": ""missing"", ""note"": ""Discrepancia: 2 MW por unidad frente a 8,4 MW para cuatro unidades. No se fija variante.""}, ""rotorDiameterM"": {""value"": null, ""source"": null, ""scope"": ""missing"", ""note"": ""No consta en los documentos disponibles.""}, ""hubHeightM"": {""value"": null, ""source"": null, ""scope"": ""missing"", ""note"": ""No consta en los documentos disponibles.""}, ""bladeCount"": {""value"": null, ""source"": null, ""scope"": ""missing"", ""note"": ""No consta en los documentos disponibles.""}, ""generator"": {""value"": null, ""source"": null, ""scope"": ""missing"", ""note"": ""No consta en los documentos disponibles.""}, ""gearbox"": {""value"": null, ""source"": null, ""scope"": ""missing"", ""note"": ""No consta en los documentos disponibles.""}, ""powerControl"": {""value"": null, ""source"": null, ""scope"": ""missing"", ""note"": ""No consta en los documentos disponibles.""}, ""cutInMS"": {""value"": null, ""source"": null, ""scope"": ""missing"", ""note"": ""No consta en los documentos disponibles.""}, ""ratedWindMS"": {""value"": null, ""source"": null, ""scope"": ""missing"", ""note"": ""No consta en los documentos disponibles.""}, ""cutOutMS"": {""value"": null, ""source"": null, ""scope"": ""missing"", ""note"": ""No consta en los documentos disponibles.""}, ""converter"": {""value"": null, ""source"": null, ""scope"": ""missing"", ""note"": ""No consta en los documentos disponibles.""}}"
Goldwind,GW1500-87,Cuel,1.5 [parque],87 [familia],No documentado,3 [familia],PMSG · síncrono de imanes permanentes [familia],No [familia],pitch [familia],3 [familia],9.9 [familia],22 [familia],Escala completa (IGBT) [familia],"{""ratedPowerMW"": {""value"": 1.5, ""source"": ""Informe p. 4"", ""scope"": ""installed"", ""note"": ""Potencia unitaria descrita en el catálogo; no equivale a potencia neta de conexión.""}, ""rotorDiameterM"": {""value"": 87, ""source"": ""Goldwind 1.5 MW, tabla de datos p. PDF 6 [B19]"", ""scope"": ""family"", ""note"": ""Referencia de familia; no certifica la revisión instalada.""}, ""hubHeightM"": {""value"": null, ""source"": null, ""scope"": ""missing"", ""note"": ""No consta en los documentos disponibles.""}, ""bladeCount"": {""value"": 3, ""source"": ""Goldwind 1.5 MW, tabla de datos p. PDF 6 [B19]"", ""scope"": ""family"", ""note"": ""Referencia de familia; no certifica la revisión instalada.""}, ""generator"": {""value"": ""PMSG · síncrono de imanes permanentes"", ""source"": ""Goldwind 1.5 MW, tabla de datos p. PDF 6 [B19]"", ""scope"": ""family"", ""note"": ""Referencia de familia; no certifica la revisión instalada.""}, ""gearbox"": {""value"": false, ""source"": ""Goldwind 1.5 MW, tabla de datos p. PDF 6 [B19]"", ""scope"": ""family"", ""note"": ""Referencia de familia; no certifica la revisión instalada.""}, ""powerControl"": {""value"": ""pitch"", ""source"": ""Goldwind 1.5 MW, tabla de datos p. PDF 6 [B19]"", ""scope"": ""family"", ""note"": ""Referencia de familia; no certifica la revisión instalada.""}, ""cutInMS"": {""value"": 3, ""source"": ""Goldwind 1.5 MW, tabla de datos p. PDF 6 [B19]"", ""scope"": ""family"", ""note"": ""Referencia de familia; no certifica la revisión instalada.""}, ""ratedWindMS"": {""value"": 9.9, ""source"": ""Goldwind 1.5 MW, tabla de datos p. PDF 6 [B19]"", ""scope"": ""family"", ""note"": ""Referencia de familia; no certifica la revisión instalada.""}, ""cutOutMS"": {""value"": 22, ""source"": ""Goldwind 1.5 MW, tabla de datos p. PDF 6 [B19]"", ""scope"": ""family"", ""note"": ""Referencia de familia; no certifica la revisión instalada.""}, ""converter"": {""value"": ""Escala completa (IGBT)"", ""source"": ""Goldwind 1.5 MW, tabla de datos p. PDF 6 [B19]"", ""scope"": ""family"", ""note"": ""Referencia de familia; no certifica la revisión instalada.""}}"
Nordex,"N149 / Delta4000 · 4,8 MW","Alena, Los Olmos, Mesamavida",4.8 [parque],149.1 [familia],No documentado,No documentado,DFIG · asíncrono doblemente alimentado [familia],Sí [familia],pitch [familia],3 [familia],No documentado,20 [familia],No documentado,"{""ratedPowerMW"": {""value"": 4.8, ""source"": ""Informe p. 4"", ""scope"": ""installed"", ""note"": ""Potencia unitaria descrita en el catálogo; no equivale a potencia neta de conexión.""}, ""rotorDiameterM"": {""value"": 149.1, ""source"": ""Nordex N149/4.X, HTML local [B24]"", ""scope"": ""family"", ""note"": ""Referencia de familia; no certifica la revisión instalada.""}, ""hubHeightM"": {""value"": null, ""source"": null, ""scope"": ""missing"", ""note"": ""No consta en los documentos disponibles.""}, ""bladeCount"": {""value"": null, ""source"": null, ""scope"": ""missing"", ""note"": ""No consta en los documentos disponibles.""}, ""generator"": {""value"": ""DFIG · asíncrono doblemente alimentado"", ""source"": ""Nordex N149/4.X, HTML local [B24]"", ""scope"": ""family"", ""note"": ""Referencia de familia; no certifica la revisión instalada.""}, ""gearbox"": {""value"": true, ""source"": ""Nordex N149/4.X, HTML local [B24]"", ""scope"": ""family"", ""note"": ""Referencia de familia; no certifica la revisión instalada.""}, ""powerControl"": {""value"": ""pitch"", ""source"": ""Nordex N149/4.X, HTML local [B24]"", ""scope"": ""family"", ""note"": ""Referencia de familia; no certifica la revisión instalada.""}, ""cutInMS"": {""value"": 3, ""source"": ""Nordex N149/4.X, HTML local [B24]"", ""scope"": ""family"", ""note"": ""Referencia de familia; no certifica la revisión instalada.""}, ""ratedWindMS"": {""value"": null, ""source"": null, ""scope"": ""missing"", ""note"": ""No consta en los documentos disponibles.""}, ""cutOutMS"": {""value"": 20, ""source"": ""Nordex N149/4.X, HTML local [B24]"", ""scope"": ""family"", ""note"": ""Base de familia 20 m/s; opciones específicas hasta 26 m/s. Umbral de cada parque sin confirmar.""}, ""converter"": {""value"": null, ""source"": null, ""scope"": ""missing"", ""note"": ""No consta en los documentos disponibles.""}}"
Vestas,"V110 · 2,0 MW",Los Buenos Aires,2 [parque],110 [familia],No documentado,3 [familia],DFIG · doblemente alimentado con anillos rozantes [familia],Sí [familia],pitch [familia],3 [familia],No documentado,21 [familia],No documentado,"{""ratedPowerMW"": {""value"": 2, ""source"": ""Informe p. 4"", ""scope"": ""installed"", ""note"": ""Potencia unitaria descrita en el catálogo; no equivale a potencia neta de conexión.""}, ""rotorDiameterM"": {""value"": 110, ""source"": ""Vestas 2 MW, ficha V110 p. PDF 6 [B26]"", ""scope"": ""family"", ""note"": ""Referencia de familia; no certifica la revisión instalada.""}, ""hubHeightM"": {""value"": null, ""source"": null, ""scope"": ""missing"", ""note"": ""No consta en los documentos disponibles.""}, ""bladeCount"": {""value"": 3, ""source"": ""Vestas 2 MW, ficha V110 p. PDF 6 [B26]"", ""scope"": ""family"", ""note"": ""Referencia de familia; no certifica la revisión instalada.""}, ""generator"": {""value"": ""DFIG · doblemente alimentado con anillos rozantes"", ""source"": ""Vestas 2 MW, ficha V110 p. PDF 6 [B26]"", ""scope"": ""family"", ""note"": ""Referencia de familia; no certifica la revisión instalada.""}, ""gearbox"": {""value"": true, ""source"": ""Vestas 2 MW, ficha V110 p. PDF 6 [B26]"", ""scope"": ""family"", ""note"": ""Referencia de familia; no certifica la revisión instalada.""}, ""powerControl"": {""value"": ""pitch"", ""source"": ""Vestas 2 MW, ficha V110 p. PDF 6 [B26]"", ""scope"": ""family"", ""note"": ""Referencia de familia; no certifica la revisión instalada.""}, ""cutInMS"": {""value"": 3, ""source"": ""Vestas 2 MW, ficha V110 p. PDF 6 [B26]"", ""scope"": ""family"", ""note"": ""Referencia de familia; no certifica la revisión instalada.""}, ""ratedWindMS"": {""value"": null, ""source"": null, ""scope"": ""missing"", ""note"": ""No consta en los documentos disponibles.""}, ""cutOutMS"": {""value"": 21, ""source"": ""Vestas 2 MW, ficha V110 p. PDF 6 [B26]"", ""scope"": ""family"", ""note"": ""Referencia de familia; no certifica la revisión instalada.""}, ""converter"": {""value"": null, ""source"": null, ""scope"": ""missing"", ""note"": ""No consta en los documentos disponibles.""}}"
Vestas,"V112 · 3,0 MW","Raki, Huajache",3 [parque],No documentado,No documentado,No documentado,No documentado,Sí [familia],No documentado,No documentado,No documentado,No documentado,No documentado,"{""ratedPowerMW"": {""value"": 3, ""source"": ""Informe p. 4"", ""scope"": ""installed"", ""note"": ""Potencia unitaria descrita en el catálogo; no equivale a potencia neta de conexión.""}, ""rotorDiameterM"": {""value"": null, ""source"": null, ""scope"": ""missing"", ""note"": ""No consta en los documentos disponibles.""}, ""hubHeightM"": {""value"": null, ""source"": null, ""scope"": ""missing"", ""note"": ""No consta en los documentos disponibles.""}, ""bladeCount"": {""value"": null, ""source"": null, ""scope"": ""missing"", ""note"": ""No consta en los documentos disponibles.""}, ""generator"": {""value"": null, ""source"": null, ""scope"": ""missing"", ""note"": ""No consta en los documentos disponibles.""}, ""gearbox"": {""value"": true, ""source"": ""Informe p. 8; Vestas LCA 2011 p. PDF 72 [B27]"", ""scope"": ""family"", ""note"": ""Referencia de familia; no certifica la revisión instalada.""}, ""powerControl"": {""value"": null, ""source"": null, ""scope"": ""missing"", ""note"": ""No consta en los documentos disponibles.""}, ""cutInMS"": {""value"": null, ""source"": null, ""scope"": ""missing"", ""note"": ""No consta en los documentos disponibles.""}, ""ratedWindMS"": {""value"": null, ""source"": null, ""scope"": ""missing"", ""note"": ""No consta en los documentos disponibles.""}, ""cutOutMS"": {""value"": null, ""source"": null, ""scope"": ""missing"", ""note"": ""No consta en los documentos disponibles.""}, ""converter"": {""value"": null, ""source"": null, ""scope"": ""missing"", ""note"": ""No consta en los documentos disponibles.""}}"
Vestas,V136 CP3.6 · PO1 · 50 Hz,Negrete,3.6 [parque],No documentado,No documentado,No documentado,Inducción · subtipo no indicado [parque],No documentado,No documentado,No documentado,No documentado,No documentado,Escala completa [parque],"{""ratedPowerMW"": {""value"": 3.6, ""source"": ""Informe p. 4"", ""scope"": ""installed"", ""note"": ""Potencia unitaria descrita en el catálogo; no equivale a potencia neta de conexión.""}, ""rotorDiameterM"": {""value"": null, ""source"": null, ""scope"": ""missing"", ""note"": ""No consta en los documentos disponibles.""}, ""hubHeightM"": {""value"": null, ""source"": null, ""scope"": ""missing"", ""note"": ""No consta en los documentos disponibles.""}, ""bladeCount"": {""value"": null, ""source"": null, ""scope"": ""missing"", ""note"": ""No consta en los documentos disponibles.""}, ""generator"": {""value"": ""Inducción · subtipo no indicado"", ""source"": ""Informe p. 7 [B05]"", ""scope"": ""installed"", ""note"": ""Inducción con convertidor de escala completa; no se infiere DFIG.""}, ""gearbox"": {""value"": null, ""source"": null, ""scope"": ""missing"", ""note"": ""No consta en los documentos disponibles.""}, ""powerControl"": {""value"": null, ""source"": null, ""scope"": ""missing"", ""note"": ""No consta en los documentos disponibles.""}, ""cutInMS"": {""value"": null, ""source"": null, ""scope"": ""missing"", ""note"": ""No consta en los documentos disponibles.""}, ""ratedWindMS"": {""value"": null, ""source"": null, ""scope"": ""missing"", ""note"": ""No consta en los documentos disponibles.""}, ""cutOutMS"": {""value"": null, ""source"": null, ""scope"": ""missing"", ""note"": ""No consta en los documentos disponibles.""}, ""converter"": {""value"": ""Escala completa"", ""source"": ""Informe p. 7 [B05]"", ""scope"": ""installed"", ""note"": ""Configuración ensayada de Negrete.""}}"
Vestas,"V150 Mk3B · 4,2 MW",Lomas de Duqueco,4.2 [parque],150 [familia],No documentado,3 [familia],Inducción · subtipo no indicado [parque],Sí [familia],pitch [familia],No documentado,No documentado,No documentado,Escala completa [familia],"{""ratedPowerMW"": {""value"": 4.2, ""source"": ""Informe p. 4"", ""scope"": ""installed"", ""note"": ""Potencia unitaria descrita en el catálogo; no equivale a potencia neta de conexión.""}, ""rotorDiameterM"": {""value"": 150, ""source"": ""Informe p. 7; Vestas 4 MW p. 9 [B25]"", ""scope"": ""family"", ""note"": ""Referencia de familia; no certifica la revisión instalada.""}, ""hubHeightM"": {""value"": null, ""source"": null, ""scope"": ""missing"", ""note"": ""No consta en los documentos disponibles.""}, ""bladeCount"": {""value"": 3, ""source"": ""Informe p. 7; Vestas 4 MW p. 9 [B25]"", ""scope"": ""family"", ""note"": ""Referencia de familia; no certifica la revisión instalada.""}, ""generator"": {""value"": ""Inducción · subtipo no indicado"", ""source"": ""Informe p. 7 [B04]"", ""scope"": ""installed"", ""note"": ""Generador de inducción y convertidor completo documentados para Mk3B. No se etiqueta DFIG.""}, ""gearbox"": {""value"": true, ""source"": ""Informe p. 7; Vestas 4 MW p. 9 [B25]"", ""scope"": ""family"", ""note"": ""Referencia de familia; no certifica la revisión instalada.""}, ""powerControl"": {""value"": ""pitch"", ""source"": ""Informe p. 7; Vestas 4 MW p. 9 [B25]"", ""scope"": ""family"", ""note"": ""Referencia de familia; no certifica la revisión instalada.""}, ""cutInMS"": {""value"": null, ""source"": null, ""scope"": ""missing"", ""note"": ""No consta en los documentos disponibles.""}, ""ratedWindMS"": {""value"": null, ""source"": null, ""scope"": ""missing"", ""note"": ""No consta en los documentos disponibles.""}, ""cutOutMS"": {""value"": null, ""source"": null, ""scope"": ""missing"", ""note"": ""No consta en los documentos disponibles.""}, ""converter"": {""value"": ""Escala completa"", ""source"": ""Informe p. 7; Vestas 4 MW p. 9 [B25]"", ""scope"": ""family"", ""note"": ""Referencia de familia; no certifica la revisión instalada.""}}"
Vestas,"V150 · 4,3 MW","Campo Lindo, San Matías",4.3 [parque],150 [familia],No documentado,3 [familia],No documentado,Sí [familia],pitch [familia],No documentado,No documentado,No documentado,Escala completa [familia],"{""ratedPowerMW"": {""value"": 4.3, ""source"": ""Informe p. 4"", ""scope"": ""installed"", ""note"": ""Potencia unitaria descrita en el catálogo; no equivale a potencia neta de conexión.""}, ""rotorDiameterM"": {""value"": 150, ""source"": ""Informe p. 7; Vestas 4 MW p. 9 [B25]"", ""scope"": ""family"", ""note"": ""Referencia de familia; no certifica la revisión instalada.""}, ""hubHeightM"": {""value"": null, ""source"": null, ""scope"": ""missing"", ""note"": ""No consta en los documentos disponibles.""}, ""bladeCount"": {""value"": 3, ""source"": ""Informe p. 7; Vestas 4 MW p. 9 [B25]"", ""scope"": ""family"", ""note"": ""Referencia de familia; no certifica la revisión instalada.""}, ""generator"": {""value"": null, ""source"": null, ""scope"": ""missing"", ""note"": ""No consta en los documentos disponibles.""}, ""gearbox"": {""value"": true, ""source"": ""Informe p. 7; Vestas 4 MW p. 9 [B25]"", ""scope"": ""family"", ""note"": ""Referencia de familia; no certifica la revisión instalada.""}, ""powerControl"": {""value"": ""pitch"", ""source"": ""Informe p. 7; Vestas 4 MW p. 9 [B25]"", ""scope"": ""family"", ""note"": ""Referencia de familia; no certifica la revisión instalada.""}, ""cutInMS"": {""value"": null, ""source"": null, ""scope"": ""missing"", ""note"": ""No consta en los documentos disponibles.""}, ""ratedWindMS"": {""value"": null, ""source"": null, ""scope"": ""missing"", ""note"": ""No consta en los documentos disponibles.""}, ""cutOutMS"": {""value"": null, ""source"": null, ""scope"": ""missing"", ""note"": ""No consta en los documentos disponibles.""}, ""converter"": {""value"": ""Escala completa"", ""source"": ""Informe p. 7; Vestas 4 MW p. 9 [B25]"", ""scope"": ""family"", ""note"": ""Referencia de familia; no certifica la revisión instalada.""}}"
